an_dt,attFileSize,attchmntFile,attchmntText,bflag,csvName,desc,difference,dt,exchdisstime,fileSize,hasXbrl,old_new,orgid,seq_id,smIndustry,sm_isin,sm_name,sort_date,symbol,fetch_timestamp
07-Oct-2026 10:05:07,392.07 KB,https://nsearchives.nseindia.com/corporate/ASPINWALL_07102026100356_Reg_74_5__Sept_2026.pdf,"Aspinwall and Company Limited has informed the Exchange about Certificate under SEBI (Depositories and Participants) Regulations, 2018",,,"Certificate under SEBI (Depositories and Participants) Regulations, 2018",00:00:01,07102026100507,07-Oct-2026 10:05:08,392.07 KB,True,,,106809235,,INE991I01015,Aspinwall and Company Limited,2026-10-07 10:05:07,ASPINWALL,2026-10-07 04:35:37
07-Oct-2026 10:02:19,1.01 MB,https://nsearchives.nseindia.com/corporate/BLBLIMITED_07102026100201_Reg74_5_.pdf,"BLB Limited has informed the Exchange about Certificate under SEBI (Depositories and Participants) Regulations, 2018",,,"Certificate under SEBI (Depositories and Participants) Regulations, 2018",00:00:01,07102026100219,07-Oct-2026 10:02:20,1.01 MB,True,,,106809228,Finance,INE791A01024,BLB Limited,2026-10-07 10:02:19,BLBLIMITED,2026-10-07 04:35:37
07-Oct-2026 10:02:17,411.75 KB,https://nsearchives.nseindia.com/corporate/INSECTICID_07102026100139_EP_Intimation_Q2_results.pdf,Insecticides (India) Limited has informed the Exchange about Schedule of meet,,,Analysts/Institutional Investor Meet/Con. Call Updates,00:00:01,07102026100217,07-Oct-2026 10:02:18,411.75 KB,True,,,106809227,Pesticides And Agrochemicals,INE070I01018,Insecticides (India) Limited,2026-10-07 10:02:17,INSECTICID,2026-10-07 04:35:37
07-Oct-2026 10:02:05,1.21 MB,https://nsearchives.nseindia.com/corporate/COSMOFILMS_07102026100149_Intimation_Certificate.pdf,"COSMO FIRST LIMITED has informed the Exchange about Certificate under SEBI (Depositories and Participants) Regulations, 2018",,,"Certificate under SEBI (Depositories and Participants) Regulations, 2018",00:00:01,07102026100205,07-Oct-2026 10:02:06,1.21 MB,True,,,106809226,,INE757A01017,COSMO FIRST LIMITED,2026-10-07 10:02:05,COSMOFIRST,2026-10-07 04:35:37
07-Oct-2026 09:55:36,1.47 MB,https://nsearchives.nseindia.com/corporate/HYTECH_07102026095519_Revised.pdf,"Hy-Tech Engineers Limited has informed the Exchange regarding 'Revised disclosure under SEBI (Prohibition of Insider Trading) Regulations, 2015.'.",,,Updates,00:00:01,07102026095536,07-Oct-2026 09:55:37,1.47 MB,True,,,106809225,,INE0LEG01024,Hy-Tech Engineers Limited,2026-10-07 09:55:36,HTEL,2026-10-07 04:35:37
07-Oct-2026 09:55:20,608.39 KB,https://nsearchives.nseindia.com/corporate/SANDUR_07102026095346_Ltr2SEsReg74_5_.pdf,"Sandur Manganese & Iron Ores Limited has informed the Exchange about Certificate under SEBI (Depositories and Participants) Regulations, 2018",,,"Certificate under SEBI (Depositories and Participants) Regulations, 2018",00:00:01,07102026095520,07-Oct-2026 09:55:21,608.39 KB,True,,,106809224,,INE149K01016,Sandur Manganese & Iron Ores Limited,2026-10-07 09:55:20,SANDUMA,2026-10-07 04:35:37
07-Oct-2026 09:54:14,387.06 KB,https://nsearchives.nseindia.com/corporate/ARIES_07102026095407_RTABSENSERe-lodgementofsharesTransferLetter.pdf,"Aries Agro Limited has informed the Exchange regarding 'Monthly Report on Special Window Re-Lodgement of Shares- September, 2026'.",,,Updates,00:00:01,07102026095414,07-Oct-2026 09:54:15,387.06 KB,True,,,106809223,Fertilisers,INE298I01015,Aries Agro Limited,2026-10-07 09:54:14,ARIES,2026-10-07 04:35:37
07-Oct-2026 09:49:32,452.60 KB,https://nsearchives.nseindia.com/corporate/IZMO_07102026094510_Intimation_and_PR.pdf,"IZMO Limited has informed the Exchange regarding a press release dated October 07, 2026, titled ""izmo Microsystems and IIT Madras Enter Phase II of &#8377;99.94 Crore MeitY-Sanctioned Silicon Photonics Program"".",,,Press Release,00:00:01,07102026094932,07-Oct-2026 09:49:33,452.60 KB,True,,,106809190,,INE848A01014,IZMO Limited,2026-10-07 09:49:32,IZMO,2026-10-07 04:35:37
07-Oct-2026 09:34:45,1.10 MB,https://nsearchives.nseindia.com/corporate/MONEYBOXX_07102026093421_Press_Release.pdf,"Moneyboxx Finance Limited has informed the Exchange regarding a press release dated October 07, 2026, titled ""Moneyboxx Finance classifies as Middle Layer NBFC"".",,,Press Release,00:00:01,07102026093445,07-Oct-2026 09:34:46,1.10 MB,True,,,106809148,,INE296Q01012,Moneyboxx Finance Limited,2026-10-07 09:34:45,MONEYBOXX,2026-10-07 04:35:37
07-Oct-2026 08:58:07,376.76 KB,https://nsearchives.nseindia.com/corporate/YUKEN_07102026085724_NSE_Reply.pdf,"Significant increase in volume has been observed in Yuken India Limited. The Exchange, in order to ensure that investors have latest relevant information about the company and to inform the market place so that the interest of the investors is safeguarded, had written to the company. Yuken India Limited has submitted their response.",,,Spurt in Volume,00:00:01,07102026085807,07-Oct-2026 08:58:08,376.76 KB,True,,,106809141,,INE384C01016,Yuken India Limited,2026-10-07 08:58:07,YUKEN,2026-10-07 04:35:37
07-Oct-2026 08:57:15,1.03 MB,https://nsearchives.nseindia.com/corporate/ANANTRAJ_07102026085642_Intimation_MoU_07102026.pdf,"Anant Raj Limited has informed the Exchange about Arrangements for strategic, technical, manufacturing, or marketing tie up",,,"Arrangements for strategic, technical, manufacturing, or marketing tie up",00:00:01,07102026085715,07-Oct-2026 08:57:16,1.03 MB,True,,,106809140,Construction,INE242C01024,Anant Raj Limited,2026-10-07 08:57:15,ANANTRAJ,2026-10-07 04:35:37
07-Oct-2026 08:57:04,346.75 KB,https://nsearchives.nseindia.com/corporate/UFO_07102026084653_Stock_Exchange_Disclosure_TSR_Settlement.pdf,"Disclosure with respect to Settlement Deed entered into by the Company and TSR Films Private Limited on October 06, 2026, to settle all their disputes under the Advertisement Agreement dated 23rd December 2023, relating to in-cinema advertising rights on TSR screens.",,,Pendency of Litigation(s)/dispute(s) or the outcome impacting the Company,00:00:01,07102026085704,07-Oct-2026 08:57:05,346.75 KB,True,,,106809139,,INE527H01019,UFO Moviez India Limited,2026-10-07 08:57:04,UFO,2026-10-07 04:35:37
07-Oct-2026 08:53:47,1.03 MB,https://nsearchives.nseindia.com/corporate/ANANTRAJ_07102026085336_Intimation_MoU_07102026.pdf,"Anant Raj Limited has informed the Exchange regarding a press release dated October 07, 2026, titled ""Anant Raj Cloud, Orange Business Singapore Sign MoU with Haryana Govt to take the State s Cloud Services to Global Markets"".",,,Press Release,00:00:01,07102026085347,07-Oct-2026 08:53:48,1.03 MB,True,,,106809138,Construction,INE242C01024,Anant Raj Limited,2026-10-07 08:53:47,ANANTRAJ,2026-10-07 04:35:37
07-Oct-2026 07:52:27,448.88 KB,https://nsearchives.nseindia.com/corporate/IGESL_07102026074723_IGESL__PR_STXs_dsc.pdf,"Inox Green Energy Services Limited has informed the Exchange regarding a press release dated October 07, 2026, titled ""Inox Green Completes payment for the transfer of Wind World India s 4.5 GW Wind O&M Business as per the Business Transfer Agreement"".",,,Press Release,00:00:00,07102026075227,07-Oct-2026 07:52:27,448.88 KB,True,,,106809137,,INE510W01014,Inox Green Energy Services Limited,2026-10-07 07:52:27,INOXGREEN,2026-10-07 04:35:37
07-Oct-2026 07:44:03,916.62 KB,https://nsearchives.nseindia.com/corporate/KALYANKJIL_07102026073927_Q2_Update.pdf,Kalyan Jewellers India Limited has informed the Exchange about General Updates,,,General Updates,00:00:01,07102026074403,07-Oct-2026 07:44:04,916.62 KB,True,,,106809136,,INE303R01014,Kalyan Jewellers India Limited,2026-10-07 07:44:03,KALYANKJIL,2026-10-07 04:35:37
07-Oct-2026 07:30:40,656.10 KB,https://nsearchives.nseindia.com/corporate/SATIN_07102026072926_SCNLBUSINESSUPDATE.pdf,"Satin Creditcare Network Limited has informed the Exchange about General Updates - Announcement under Regulation 30 of SEBI (LODR) Regulations, 2015 - Business Update",,,General Updates,00:00:01,07102026073040,07-Oct-2026 07:30:41,656.10 KB,True,,,106809135,,INE836B01017,Satin Creditcare Network Limited,2026-10-07 07:30:40,SATIN,2026-10-07 04:35:37
07-Oct-2026 07:23:19,346.68 KB,https://nsearchives.nseindia.com/corporate/IGESL_07102026072235_IGESL_Acq_WWIL_Reg30_dsc.pdf,"Inox Green Energy Services Limited has informed the Exchange about General Updates on the Resolution Plan for Wind World (India) Limited and investment in Vibhav Energy Private Limited, a wholly owned subsidiary",,,General Updates,00:00:01,07102026072319,07-Oct-2026 07:23:20,346.68 KB,True,,,106809134,,INE510W01014,Inox Green Energy Services Limited,2026-10-07 07:23:19,INOXGREEN,2026-10-07 04:35:37
07-Oct-2026 00:15:20,414.80 KB,https://nsearchives.nseindia.com/corporate/BALAXI_07102026001312_NSE_Announcement_07102026.pdf,"BALAXI PHARMACEUTICALS LIMITED has informed the Exchange regarding ''RTA Report for Re-lodgement of Transfer Requests of Physical Shares for the period ended September 2026.""",,,Updates,00:00:00,07102026001520,07-Oct-2026 00:15:20,414.80 KB,True,,,106809132,,INE618N01014,BALAXI PHARMACEUTICALS LIMITED,2026-10-07 00:15:20,BALAXI,2026-10-07 04:35:37
07-Oct-2026 00:03:03,1.36 MB,https://nsearchives.nseindia.com/corporate/INTENTECH_07102026000253_Q2_Reg_74_5.pdf,"Intense Technologies Limited has informed the Exchange about Certificate under SEBI (Depositories and Participants) Regulations, 2018",,,"Certificate under SEBI (Depositories and Participants) Regulations, 2018",00:00:01,07102026000303,07-Oct-2026 00:03:04,1.36 MB,True,,,106809131,,INE781A01025,Intense Technologies Limited,2026-10-07 00:03:03,INTENTECH,2026-10-07 04:35:37
06-Oct-2026 23:18:26,4.28 MB,https://nsearchives.nseindia.com/corporate/RCOM_06102026231513_DisclosureSEterminationofassig.pdf,Reliance Communications Limited has informed the Exchange about Action(s) initiated or orders passed,,,Action(s) initiated or orders passed,00:00:01,06102026231826,06-Oct-2026 23:18:27,4.28 MB,True,,,106809034,Telecommunication - Services,INE330H01018,Reliance Communications Limited,2026-10-06 23:18:26,RCOM,2026-10-07 04:35:37
